file_id	parakeet_wer	medasr_wer	fused_wer	n_subs	n_inserts	n_words
CAR0001	19.21	50.43	18.83	4	2	1041
CAR0002	19.74	27.63	14.66	4	3	1064
CAR0003	11.74	37.19	12.37	8	1	1269
CAR0004	34.92	81.33	36.69	3	0	905
CAR0005	17.70	34.59	16.49	6	1	1243
DER0001	18.47	93.08	18.47	0	0	1489
GAS0001	35.31	77.12	39.35	4	3	1014
GAS0002	28.47	26.33	16.55	4	1	1124
GAS0003	25.24	92.22	26.85	3	0	1054
GAS0004	22.64	81.73	23.16	2	1	1144
GAS0005	18.59	35.90	18.91	1	0	1571
GAS0007	14.56	92.78	14.56	0	0	886
GEN0001	12.40	87.24	12.40	0	0	1097
MSK0001	26.06	26.25	22.40	2	4	1040
MSK0003	24.67	28.84	17.16	1	3	1824
MSK0004	28.69	31.86	17.92	2	3	1105
MSK0005	31.48	47.03	21.87	8	3	1582
MSK0006	21.74	47.95	21.68	16	6	1854
MSK0007	13.31	38.76	13.91	7	2	1352
MSK0008	14.82	40.51	15.03	3	1	1417
MSK0009	17.40	31.24	17.72	6	5	1546
MSK0010	12.94	29.31	12.94	4	0	1491
MSK0011	15.18	34.59	15.64	4	0	1515
MSK0012	13.42	34.01	14.16	4	1	1617
MSK0013	14.45	41.63	14.83	6	3	1578
MSK0014	13.29	28.39	13.61	5	3	1543
MSK0015	15.20	36.37	15.26	6	4	1592
MSK0016	19.69	50.88	19.00	11	3	2158
MSK0017	26.83	48.83	19.39	11	3	1800
MSK0018	24.68	30.43	18.63	6	1	1009
MSK0019	16.01	30.15	16.44	8	2	1393
MSK0020	24.70	32.38	16.77	6	4	1652
MSK0021	21.20	47.56	18.44	1	6	1703
MSK0022	14.79	27.35	14.79	5	3	2117
MSK0023	14.54	29.83	15.13	4	1	1190
MSK0024	11.78	46.11	11.96	3	5	1171
MSK0025	14.17	30.45	14.57	5	1	1524
MSK0026	12.21	41.89	12.95	5	6	1351
MSK0027	15.33	36.50	16.01	5	1	1337
MSK0028	14.92	26.46	15.03	3	5	1803
MSK0029	21.83	69.04	20.38	7	5	2203
MSK0031	26.65	37.03	20.94	11	6	1261
MSK0032	23.01	30.24	18.13	6	4	1230
MSK0033	14.01	28.32	14.19	7	2	1635
MSK0034	13.64	34.20	13.78	4	0	1430
MSK0035	14.88	44.38	15.07	5	1	1566
MSK0036	12.88	26.73	13.05	8	6	1732
MSK0037	15.94	29.80	16.00	6	5	1631
MSK0038	24.81	52.90	19.89	3	3	1951
MSK0039	29.64	40.30	24.24	19	7	1444
MSK0040	15.29	45.94	15.43	3	1	1465
MSK0041	22.54	53.38	15.90	4	1	1566
MSK0042	17.78	28.49	18.28	9	2	1597
MSK0043	25.41	31.65	21.06	6	2	1842
MSK0044	30.96	30.20	19.12	6	2	1182
MSK0045	26.54	41.83	18.92	7	1	1432
MSK0046	19.74	35.57	18.78	15	2	1251
MSK0049	21.64	46.04	18.18	4	2	1414
MSK0050	14.48	42.84	15.45	6	1	1340
RES0001	19.93	57.16	20.33	2	3	1515
RES0002	25.66	46.40	25.66	0	0	1181
RES0003	16.53	76.89	17.17	3	1	1246
RES0004	21.08	69.85	21.72	8	1	1708
RES0005	16.20	28.47	16.14	5	2	1605
RES0006	15.67	27.95	16.16	5	0	1238
RES0007	15.61	43.36	16.27	6	3	1838
RES0008	16.05	93.32	16.22	2	0	1153
RES0009	26.45	80.78	26.81	3	2	1410
RES0010	22.20	65.46	22.30	3	1	1054
RES0011	22.41	78.34	24.02	6	0	1611
RES0012	30.80	69.78	33.48	8	2	2088
RES0013	27.06	66.82	29.67	5	4	1338
RES0014	27.71	77.07	29.49	8	0	1404
RES0015	26.69	57.26	28.41	6	0	1570
RES0016	25.53	53.32	27.57	7	6	1324
RES0017	18.11	26.00	15.67	5	2	1723
RES0018	18.09	27.02	16.87	7	4	1310
RES0019	23.42	54.14	19.65	1	1	1328
RES0020	15.12	72.18	15.19	0	1	1409
RES0021	17.15	61.48	17.78	5	0	1254
RES0022	20.89	78.08	22.22	8	0	1953
RES0023	32.44	87.58	32.53	0	1	1079
RES0024	30.54	79.58	33.47	8	0	989
RES0025	18.00	86.32	18.43	7	0	1367
RES0026	16.20	64.48	16.53	5	2	1537
RES0027	23.85	80.98	24.96	7	0	1346
RES0028	26.60	27.47	17.32	6	6	1143
RES0029	23.46	30.99	16.06	1	3	797
RES0030	16.06	31.61	16.48	6	2	1183
RES0031	19.56	31.84	17.13	7	2	1319
RES0032	28.92	39.48	18.94	5	2	1193
RES0033	31.13	30.46	20.51	5	6	1346
RES0034	14.54	27.83	14.96	5	3	1671
RES0035	14.64	41.64	12.56	2	1	963
RES0036	17.44	43.42	15.63	5	1	1382
RES0037	19.94	29.50	17.50	4	4	1434
RES0038	14.03	26.69	14.62	4	4	1525
RES0039	16.07	32.07	16.25	8	4	1668
RES0042	30.11	48.79	22.54	8	3	1242
RES0043	20.94	51.91	19.78	7	5	1466
RES0044	23.46	46.06	19.12	9	2	1867
RES0045	26.49	69.65	29.23	9	1	1242
RES0046	21.59	71.32	20.38	2	4	1649
RES0047	27.25	58.83	30.98	7	9	1688
RES0048	25.29	47.12	26.88	11	6	1823
RES0049	20.84	66.39	21.98	7	0	1574
RES0050	13.69	48.50	14.32	3	0	1103
RES0051	18.36	57.33	18.97	2	1	975
RES0052	35.16	48.96	30.65	7	3	819
RES0053	28.44	65.37	22.30	0	1	1906
RES0054	29.65	73.44	30.97	10	1	2496
RES0055	28.16	61.07	28.46	16	1	1328
RES0056	31.06	67.28	37.88	13	2	1143
RES0057	25.15	97.41	25.15	0	0	1197
RES0058	19.86	85.46	20.07	2	0	1465
RES0059	23.13	72.83	19.61	4	2	1336
RES0060	31.43	89.38	35.24	15	0	1629
RES0061	22.32	87.77	22.14	3	1	1725
RES0062	19.53	72.80	19.84	6	0	1930
RES0063	18.74	60.16	18.45	10	3	1393
RES0064	28.33	65.40	28.99	6	0	1052
RES0065	14.98	43.07	16.29	9	3	1068
RES0066	27.90	44.88	30.46	8	3	1172
RES0067	37.00	40.81	25.14	0	2	919
RES0068	24.75	46.86	21.19	3	1	1180
RES0069	32.44	78.61	36.32	6	0	1005
RES0070	33.37	62.63	27.58	6	5	950
RES0071	19.36	37.49	20.22	6	5	1291
RES0072	35.89	39.78	30.89	4	3	1159
RES0073	17.08	37.28	17.77	5	2	1317
RES0074	17.41	35.55	17.65	5	3	1218
RES0075	16.10	35.80	15.54	5	1	1081
RES0076	22.94	36.44	16.97	3	4	1526
RES0077	15.21	44.44	15.96	12	2	1591
RES0078	17.63	89.33	18.08	4	1	1106
RES0079	25.48	85.63	25.48	2	1	828
RES0080	24.22	81.56	28.42	6	0	1193
RES0081	20.98	81.22	25.25	11	0	1406
RES0082	21.66	96.24	22.76	2	0	905
RES0083	18.97	84.85	18.87	4	1	970
RES0084	14.30	33.44	15.08	8	0	1525
RES0085	25.43	49.25	29.72	5	2	932
RES0086	24.25	40.26	19.14	6	3	1468
RES0087	25.23	40.73	16.41	4	3	1316
RES0088	14.52	31.63	13.93	1	2	1350
RES0089	18.19	33.22	16.61	7	3	1776
RES0090	12.65	28.25	13.32	5	2	1186
RES0091	26.25	47.84	30.23	6	0	880
RES0092	36.85	85.61	39.45	7	0	806
RES0093	22.90	88.04	22.39	3	2	1572
RES0094	32.65	91.13	32.65	0	0	778
RES0095	22.64	72.30	19.36	2	4	1462
RES0096	29.98	72.92	30.61	1	1	1274
RES0097	19.19	77.59	19.34	3	1	1334
RES0098	26.06	28.00	17.67	4	4	1443
RES0099	15.50	35.13	15.43	2	2	1523
RES0100	15.47	28.74	15.47	6	1	1719
RES0101	27.19	31.44	17.63	4	5	1390
RES0102	15.21	32.70	15.42	7	3	1985
RES0103	28.75	31.09	20.88	1	6	1068
RES0104	23.52	40.60	18.59	3	3	1522
RES0105	24.46	36.06	18.78	4	4	1672
RES0106	18.55	76.27	19.35	5	0	1256
RES0107	26.45	59.26	21.03	3	1	1588
RES0108	39.32	85.17	42.01	7	0	964
RES0109	34.06	66.86	38.07	7	0	872
RES0110	19.57	49.51	20.12	5	1	1630
RES0111	27.98	74.52	30.99	10	1	997
RES0112	35.86	49.77	36.45	3	0	856
RES0113	25.96	80.48	28.47	11	0	1117
RES0114	25.86	74.84	28.26	9	2	1709
RES0116	18.97	68.63	18.91	7	3	1629
RES0117	39.80	71.17	42.23	5	0	985
RES0118	14.37	80.73	14.37	1	0	981
RES0119	24.05	53.84	18.88	4	1	1393
RES0120	23.43	43.67	25.89	14	4	1383
RES0121	13.50	73.21	13.91	3	0	978
RES0122	21.68	80.37	24.30	6	0	1070
RES0123	20.70	89.37	21.33	5	0	1749
RES0124	15.32	83.72	15.72	3	1	1775
RES0125	15.26	83.10	15.74	4	1	1645
RES0126	16.65	82.51	16.93	4	2	1784
RES0127	21.69	83.73	26.06	14	0	1420
RES0128	30.85	64.91	34.25	4	7	1060
RES0129	32.66	79.54	33.81	2	0	1041
RES0130	23.36	76.35	26.53	8	0	1353
RES0131	25.66	85.92	28.08	10	0	1243
RES0132	27.79	58.18	38.35	7	2	1382
RES0133	26.30	72.61	27.62	4	0	1289
RES0134	14.63	73.73	15.38	10	0	1736
RES0135	26.52	51.48	18.80	4	3	1282
RES0136	28.87	97.09	29.74	3	0	1271
RES0137	24.64	81.36	26.70	11	0	1266
RES0138	17.73	91.47	17.99	1	0	1173
RES0139	32.46	96.26	33.33	4	0	1149
RES0140	36.71	90.09	41.50	8	0	918
RES0141	23.25	83.47	24.95	4	0	998
RES0142	34.97	85.63	36.29	4	0	835
RES0143	34.35	95.66	35.65	6	0	1153
RES0144	32.95	96.28	34.19	4	0	1129
RES0145	19.31	78.74	19.70	4	1	1284
RES0146	24.32	84.93	25.11	5	0	876
RES0147	19.71	81.33	20.35	5	1	1248
RES0148	32.40	81.62	33.64	4	0	1213
RES0149	29.61	73.24	32.68	6	0	1334
RES0150	30.18	63.35	25.21	1	3	1206
RES0151	26.43	26.52	18.70	5	3	1203
RES0152	18.72	32.28	20.07	7	3	1106
RES0153	21.47	38.87	21.73	6	0	1155
RES0154	32.80	31.70	22.07	4	2	997
RES0155	32.37	33.18	26.27	8	6	1492
RES0156	32.77	31.46	23.00	4	4	1065
RES0158	31.07	37.04	22.67	3	6	1107
RES0159	17.43	79.12	17.88	4	0	1130
RES0160	17.38	80.45	17.29	1	0	1105
RES0161	21.24	69.04	21.04	3	0	998
RES0162	18.48	90.38	18.39	1	0	1196
RES0163	19.38	78.04	17.75	4	1	1166
RES0164	29.45	78.74	30.11	2	1	1209
RES0165	26.20	78.61	23.18	2	1	893
RES0166	19.03	80.80	18.67	4	1	1130
RES0167	19.12	54.47	19.39	6	2	1140
RES0168	31.82	58.31	33.93	10	1	1276
RES0169	26.74	85.43	32.39	13	0	920
RES0170	26.63	90.13	26.86	2	0	1307
RES0171	36.80	67.53	43.02	14	0	1318
RES0172	33.77	88.02	35.33	7	0	1152
RES0173	27.46	75.98	29.10	5	0	1220
RES0174	17.95	73.88	18.35	3	0	1493
RES0175	17.00	79.42	17.20	2	0	1006
RES0176	16.34	78.34	16.42	2	0	1279
RES0177	23.65	67.76	28.55	12	0	1163
RES0178	20.59	66.97	21.13	4	1	1093
RES0179	35.75	54.54	41.12	10	3	1267
RES0180	39.16	75.70	41.01	4	0	1029
RES0181	24.21	82.10	27.28	8	0	1173
RES0182	31.22	78.43	34.01	6	0	932
RES0183	18.41	56.90	18.58	5	3	1195
RES0184	28.48	70.37	28.69	2	1	955
RES0185	36.62	57.20	38.16	8	5	1035
RES0186	28.05	70.31	30.85	4	0	1034
RES0187	31.15	41.59	29.75	11	10	1284
RES0188	19.06	63.15	17.25	1	1	939
RES0189	21.97	27.85	16.58	6	5	1411
RES0190	24.88	25.67	15.78	3	1	1274
RES0191	22.08	56.72	18.69	2	1	915
RES0192	17.71	45.24	17.79	3	0	1293
RES0193	28.43	34.06	25.83	10	4	1421
RES0194	29.38	30.04	21.17	5	3	1365
RES0195	24.11	41.22	28.33	6	9	1327
RES0196	39.66	40.09	25.11	7	1	928
RES0197	17.33	38.55	18.17	10	2	952
RES0198	34.95	41.68	25.03	3	7	847
RES0199	40.32	43.52	43.07	8	5	1126
RES0200	30.42	64.83	33.66	16	3	1325
RES0201	19.25	55.32	20.70	7	1	1034
RES0202	23.56	53.28	20.95	9	5	1494
RES0203	16.04	49.56	16.92	7	2	910
RES0204	39.36	82.43	39.57	2	0	973
RES0205	17.51	100.00	17.51	0	0	1028
RES0206	31.34	86.25	32.63	6	0	1324
RES0207	34.33	98.63	34.33	0	0	804
RES0208	29.10	90.38	30.21	5	0	1268
RES0209	34.60	84.56	35.16	3	0	1075
RES0210	14.31	100.00	14.31	0	0	1118
RES0211	17.69	99.71	17.69	0	0	1357
RES0212	15.22	95.50	15.22	0	0	1268
RES0213	18.28	63.16	18.42	2	0	1417
RES0214	15.43	64.18	15.51	2	0	1128
RES0215	16.90	71.14	16.90	4	1	1379
RES0216	17.87	84.30	17.94	1	0	1561
RES0217	18.75	66.14	19.16	7	0	1456
