dataset,models,n_files,wer_pct,n_words
primock57,"parakeet-tdt-0.6b-v2+whisper-turbo+qwen3-asr",57,13.1161,85239
primock57,"parakeet-tdt-0.6b-v2+qwen3-asr+nemo-fastconformer",57,13.1442,85239
primock57,"parakeet-tdt-0.6b-v2+sensevoice+qwen3-asr",57,13.1700,85239
primock57,"parakeet-tdt-0.6b-v2+sensevoice-no-itn+qwen3-asr",57,13.2404,85239
primock57,"parakeet-tdt-0.6b-v2+whisper-turbo+sensevoice-no-itn",57,13.2768,85239
primock57,"parakeet-tdt-0.6b-v2+whisper-turbo+sensevoice",57,13.2932,85239
primock57,"parakeet-tdt-0.6b-v2+sensevoice+sensevoice-no-itn",57,13.4176,85239
primock57,"parakeet-tdt-0.6b-v2+sensevoice-no-itn+nemo-fastconformer",57,13.4446,85239
primock57,"whisper-turbo+qwen3-asr+nemo-fastconformer",57,13.4586,85239
primock57,"parakeet-tdt-0.6b-v2+whisper-distil-v3.5+qwen3-asr",57,13.4692,85239
primock57,"parakeet-tdt-0.6b-v2+whisper-distil-v3.5+sensevoice",57,13.4715,85239
primock57,"parakeet-tdt-0.6b-v2+whisper-distil-v3.5+sensevoice-no-itn",57,13.4821,85239
primock57,"parakeet-tdt-0.6b-v2+whisper-turbo+nemo-fastconformer",57,13.4844,85239
primock57,"parakeet-tdt-0.6b-v2+sensevoice+nemo-fastconformer",57,13.4962,85239
primock57,"parakeet-tdt-0.6b-v2+whisper-distil-v3.5+whisper-turbo",57,13.5361,85239
primock57,"whisper-turbo+sensevoice+qwen3-asr",57,13.5654,85239
primock57,"parakeet-tdt-0.6b-v2+whisper-distil-v3.5+nemo-fastconformer",57,13.5759,85239
primock57,"whisper-turbo+sensevoice-no-itn+qwen3-asr",57,13.6170,85239
primock57,"parakeet-tdt-0.6b-v2+qwen3-asr+paraformer-en",57,13.9314,85239
primock57,"parakeet-tdt-0.6b-v2+whisper-base-en+qwen3-asr",57,14.0605,85239
primock57,"whisper-turbo+sensevoice+sensevoice-no-itn",57,14.1062,85239
primock57,"whisper-turbo+sensevoice-no-itn+nemo-fastconformer",57,14.1250,85239
primock57,"whisper-distil-v3.5+whisper-turbo+qwen3-asr",57,14.1508,85239
primock57,"parakeet-tdt-0.6b-v2+sensevoice-no-itn+paraformer-en",57,14.1860,85239
primock57,"whisper-distil-v3.5+qwen3-asr+nemo-fastconformer",57,14.1930,85239
primock57,"whisper-distil-v3.5+sensevoice+qwen3-asr",57,14.2001,85239
primock57,"parakeet-tdt-0.6b-v2+whisper-turbo+paraformer-en",57,14.2036,85239
primock57,"whisper-distil-v3.5+sensevoice+sensevoice-no-itn",57,14.2142,85239
primock57,"whisper-distil-v3.5+whisper-turbo+sensevoice-no-itn",57,14.2212,85239
primock57,"whisper-distil-v3.5+whisper-turbo+sensevoice",57,14.2259,85239
primock57,"whisper-turbo+qwen3-asr+paraformer-en",57,14.2447,85239
primock57,"whisper-turbo+sensevoice+nemo-fastconformer",57,14.2458,85239
primock57,"whisper-distil-v3.5+sensevoice-no-itn+qwen3-asr",57,14.2611,85239
primock57,"parakeet-tdt-0.6b-v2+sensevoice+paraformer-en",57,14.2693,85239
primock57,"parakeet-tdt-0.6b-v2+whisper-base-en+sensevoice-no-itn",57,14.2834,85239
primock57,"parakeet-tdt-0.6b-v2+whisper-distil-v3.5+paraformer-en",57,14.2939,85239
primock57,"whisper-distil-v3.5+sensevoice-no-itn+nemo-fastconformer",57,14.3045,85239
primock57,"whisper-distil-v3.5+sensevoice+nemo-fastconformer",57,14.3197,85239
primock57,"parakeet-tdt-0.6b-v2+whisper-base-en+sensevoice",57,14.3209,85239
primock57,"whisper-distil-v3.5+whisper-turbo+nemo-fastconformer",57,14.3362,85239
primock57,"parakeet-tdt-0.6b-v2+whisper-turbo+whisper-base-en",57,14.3538,85239
primock57,"parakeet-tdt-0.6b-v2+whisper-distil-v3.5+whisper-base-en",57,14.3585,85239
primock57,"parakeet-tdt-0.6b-v2+paraformer-en+nemo-fastconformer",57,14.4676,85239
primock57,"parakeet-tdt-0.6b-v2+whisper-base-en+nemo-fastconformer",57,14.5028,85239
primock57,"whisper-turbo+whisper-base-en+qwen3-asr",57,14.5168,85239
primock57,"whisper-turbo+sensevoice-no-itn+paraformer-en",57,14.8840,85239
primock57,"whisper-distil-v3.5+qwen3-asr+paraformer-en",57,14.9403,85239
primock57,"whisper-turbo+whisper-base-en+sensevoice-no-itn",57,14.9662,85239
primock57,"whisper-distil-v3.5+whisper-base-en+qwen3-asr",57,14.9755,85239
primock57,"whisper-distil-v3.5+sensevoice-no-itn+paraformer-en",57,15.0225,85239
primock57,"whisper-turbo+sensevoice+paraformer-en",57,15.0236,85239
primock57,"whisper-distil-v3.5+whisper-base-en+sensevoice",57,15.0483,85239
primock57,"whisper-distil-v3.5+whisper-base-en+sensevoice-no-itn",57,15.0494,85239
primock57,"whisper-distil-v3.5+whisper-turbo+paraformer-en",57,15.0741,85239
primock57,"whisper-distil-v3.5+sensevoice+paraformer-en",57,15.0800,85239
primock57,"whisper-turbo+whisper-base-en+sensevoice",57,15.0800,85239
primock57,"whisper-distil-v3.5+whisper-turbo+whisper-base-en",57,15.1128,85239
primock57,"parakeet-tdt-0.6b-v2+whisper-base-en+paraformer-en",57,15.1175,85239
primock57,"whisper-distil-v3.5+whisper-base-en+nemo-fastconformer",57,15.1984,85239
primock57,"whisper-distil-v3.5+paraformer-en+nemo-fastconformer",57,15.2113,85239
primock57,"qwen3-asr+paraformer-en+nemo-fastconformer",57,15.3216,85239
primock57,"whisper-turbo+whisper-base-en+nemo-fastconformer",57,15.3897,85239
primock57,"whisper-turbo+paraformer-en+nemo-fastconformer",57,15.4706,85239
primock57,"whisper-distil-v3.5+whisper-base-en+paraformer-en",57,15.8390,85239
primock57,"whisper-turbo+whisper-base-en+paraformer-en",57,15.9915,85239
primock57,"sensevoice-no-itn+qwen3-asr+nemo-fastconformer",57,16.6602,85239
primock57,"sensevoice+qwen3-asr+nemo-fastconformer",57,16.6802,85239
primock57,"sensevoice+sensevoice-no-itn+qwen3-asr",57,16.8209,85239
primock57,"whisper-base-en+qwen3-asr+nemo-fastconformer",57,17.3195,85239
primock57,"whisper-base-en+sensevoice+qwen3-asr",57,17.4380,85239
primock57,"sensevoice-no-itn+qwen3-asr+paraformer-en",57,17.4615,85239
primock57,"whisper-base-en+sensevoice-no-itn+qwen3-asr",57,17.4932,85239
primock57,"sensevoice+qwen3-asr+paraformer-en",57,17.5108,85239
primock57,"whisper-base-en+qwen3-asr+paraformer-en",57,18.0481,85239
primock57,"whisper-base-en+sensevoice-no-itn+nemo-fastconformer",57,18.2722,85239
primock57,"whisper-base-en+sensevoice+sensevoice-no-itn",57,18.3273,85239
primock57,"whisper-base-en+sensevoice+nemo-fastconformer",57,18.4434,85239
primock57,"whisper-base-en+sensevoice-no-itn+paraformer-en",57,18.9209,85239
primock57,"whisper-base-en+sensevoice+paraformer-en",57,19.1016,85239
primock57,"sensevoice+sensevoice-no-itn+nemo-fastconformer",57,19.1966,85239
primock57,"whisper-base-en+paraformer-en+nemo-fastconformer",57,19.6976,85239
primock57,"sensevoice-no-itn+paraformer-en+nemo-fastconformer",57,19.7809,85239
primock57,"sensevoice+sensevoice-no-itn+paraformer-en",57,20.0554,85239
primock57,"sensevoice+paraformer-en+nemo-fastconformer",57,20.3135,85239
