pattern	dataset	models_added	recovery_count	recovery_pct_of_total
LATERALITY	figshare-osce	paraformer-en	75	75.0
LATERALITY	figshare-osce	paraformer-en,cloud-google	81	81.0
LATERALITY	figshare-osce	paraformer-en,cloud-google,cloud-azure	83	83.0
LATERALITY	figshare-osce	paraformer-en,cloud-google,cloud-azure,cloud-deepgram	84	84.0
LATERALITY	figshare-osce	paraformer-en,cloud-google,cloud-azure,cloud-deepgram,whisper-distil-v3.5	87	87.0
LATERALITY	figshare-osce	paraformer-en,cloud-google,cloud-azure,cloud-deepgram,whisper-distil-v3.5,sensevoice-no-itn	87	87.0
LATERALITY	figshare-osce	paraformer-en,cloud-google,cloud-azure,cloud-deepgram,whisper-distil-v3.5,sensevoice-no-itn,zipformer-zh-en	87	87.0
LATERALITY	figshare-osce	paraformer-en,cloud-google,cloud-azure,cloud-deepgram,whisper-distil-v3.5,sensevoice-no-itn,zipformer-zh-en,whisper-base-en	89	89.0
LATERALITY	figshare-osce	paraformer-en,cloud-google,cloud-azure,cloud-deepgram,whisper-distil-v3.5,sensevoice-no-itn,zipformer-zh-en,whisper-base-en,nemo-fastconformer	90	90.0
LATERALITY	figshare-osce	paraformer-en,cloud-google,cloud-azure,cloud-deepgram,whisper-distil-v3.5,sensevoice-no-itn,zipformer-zh-en,whisper-base-en,nemo-fastconformer,sensevoice	90	90.0
LATERALITY	nazmulkazi	medasr-int8	27	34.6
LATERALITY	nazmulkazi	medasr-int8,medasr	28	35.9
LATERALITY	nazmulkazi	medasr-int8,medasr,zipformer-zh-en	36	46.2
LATERALITY	nazmulkazi	medasr-int8,medasr,zipformer-zh-en,cloud-google	41	52.6
LATERALITY	nazmulkazi	medasr-int8,medasr,zipformer-zh-en,cloud-google,nemo-fastconformer-int8	45	57.7
LATERALITY	nazmulkazi	medasr-int8,medasr,zipformer-zh-en,cloud-google,nemo-fastconformer-int8,paraformer-en	46	59.0
LATERALITY	nazmulkazi	medasr-int8,medasr,zipformer-zh-en,cloud-google,nemo-fastconformer-int8,paraformer-en,whisper-base-en	47	60.3
LATERALITY	nazmulkazi	medasr-int8,medasr,zipformer-zh-en,cloud-google,nemo-fastconformer-int8,paraformer-en,whisper-base-en,nemo-fastconformer	47	60.3
LATERALITY	nazmulkazi	medasr-int8,medasr,zipformer-zh-en,cloud-google,nemo-fastconformer-int8,paraformer-en,whisper-base-en,nemo-fastconformer,qwen3-asr	48	61.5
LATERALITY	nazmulkazi	medasr-int8,medasr,zipformer-zh-en,cloud-google,nemo-fastconformer-int8,paraformer-en,whisper-base-en,nemo-fastconformer,qwen3-asr,sensevoice-no-itn	48	61.5
LATERALITY	primock57	cloud-google	23	33.3
LATERALITY	primock57	cloud-google,paraformer-en	29	42.0
LATERALITY	primock57	cloud-google,paraformer-en,cloud-azure	32	46.4
LATERALITY	primock57	cloud-google,paraformer-en,cloud-azure,cloud-deepgram	36	52.2
LATERALITY	primock57	cloud-google,paraformer-en,cloud-azure,cloud-deepgram,parakeet-tdt-medical-ep2-clean	36	52.2
LATERALITY	primock57	cloud-google,paraformer-en,cloud-azure,cloud-deepgram,parakeet-tdt-medical-ep2-clean,whisper-distil-v3.5	37	53.6
LATERALITY	primock57	cloud-google,paraformer-en,cloud-azure,cloud-deepgram,parakeet-tdt-medical-ep2-clean,whisper-distil-v3.5,cloud-assemblyai	38	55.1
LATERALITY	primock57	cloud-google,paraformer-en,cloud-azure,cloud-deepgram,parakeet-tdt-medical-ep2-clean,whisper-distil-v3.5,cloud-assemblyai,parakeet-unified-0.6b	38	55.1
LATERALITY	primock57	cloud-google,paraformer-en,cloud-azure,cloud-deepgram,parakeet-tdt-medical-ep2-clean,whisper-distil-v3.5,cloud-assemblyai,parakeet-unified-0.6b,qwen3-asr	38	55.1
LATERALITY	primock57	cloud-google,paraformer-en,cloud-azure,cloud-deepgram,parakeet-tdt-medical-ep2-clean,whisper-distil-v3.5,cloud-assemblyai,parakeet-unified-0.6b,qwen3-asr,whisper-base-en	38	55.1
NEGATION_FLIP	figshare-osce	nemotron	1065	28.2
NEGATION_FLIP	figshare-osce	nemotron,zipformer-zh-en	1644	43.6
NEGATION_FLIP	figshare-osce	nemotron,zipformer-zh-en,cloud-google	1873	49.6
NEGATION_FLIP	figshare-osce	nemotron,zipformer-zh-en,cloud-google,medasr	2112	56.0
NEGATION_FLIP	figshare-osce	nemotron,zipformer-zh-en,cloud-google,medasr,medasr-int8	2161	57.3
NEGATION_FLIP	figshare-osce	nemotron,zipformer-zh-en,cloud-google,medasr,medasr-int8,cloud-azure	2195	58.2
NEGATION_FLIP	figshare-osce	nemotron,zipformer-zh-en,cloud-google,medasr,medasr-int8,cloud-azure,qwen3-asr	2227	59.0
NEGATION_FLIP	figshare-osce	nemotron,zipformer-zh-en,cloud-google,medasr,medasr-int8,cloud-azure,qwen3-asr,cloud-deepgram	2235	59.2
NEGATION_FLIP	figshare-osce	nemotron,zipformer-zh-en,cloud-google,medasr,medasr-int8,cloud-azure,qwen3-asr,cloud-deepgram,sensevoice-no-itn	2265	60.0
NEGATION_FLIP	figshare-osce	nemotron,zipformer-zh-en,cloud-google,medasr,medasr-int8,cloud-azure,qwen3-asr,cloud-deepgram,sensevoice-no-itn,paraformer-en	2349	62.3
NEGATION_FLIP	nazmulkazi	paraformer-en	183	36.1
NEGATION_FLIP	nazmulkazi	paraformer-en,medasr	263	51.9
NEGATION_FLIP	nazmulkazi	paraformer-en,medasr,medasr-int8	271	53.5
NEGATION_FLIP	nazmulkazi	paraformer-en,medasr,medasr-int8,cloud-google	300	59.2
NEGATION_FLIP	nazmulkazi	paraformer-en,medasr,medasr-int8,cloud-google,zipformer-zh-en	311	61.3
NEGATION_FLIP	nazmulkazi	paraformer-en,medasr,medasr-int8,cloud-google,zipformer-zh-en,nemo-fastconformer-int8	314	61.9
NEGATION_FLIP	nazmulkazi	paraformer-en,medasr,medasr-int8,cloud-google,zipformer-zh-en,nemo-fastconformer-int8,nemotron	327	64.5
NEGATION_FLIP	nazmulkazi	paraformer-en,medasr,medasr-int8,cloud-google,zipformer-zh-en,nemo-fastconformer-int8,nemotron,nemo-fastconformer	327	64.5
NEGATION_FLIP	nazmulkazi	paraformer-en,medasr,medasr-int8,cloud-google,zipformer-zh-en,nemo-fastconformer-int8,nemotron,nemo-fastconformer,cloud-azure	328	64.7
NEGATION_FLIP	nazmulkazi	paraformer-en,medasr,medasr-int8,cloud-google,zipformer-zh-en,nemo-fastconformer-int8,nemotron,nemo-fastconformer,cloud-azure,whisper-base-en	330	65.1
NEGATION_FLIP	primock57	cloud-deepgram	165	55.7
NEGATION_FLIP	primock57	cloud-deepgram,cloud-google	202	68.2
NEGATION_FLIP	primock57	cloud-deepgram,cloud-google,cloud-azure	211	71.3
NEGATION_FLIP	primock57	cloud-deepgram,cloud-google,cloud-azure,whisper-distil-v3.5	216	73.0
NEGATION_FLIP	primock57	cloud-deepgram,cloud-google,cloud-azure,whisper-distil-v3.5,qwen3-asr	219	74.0
NEGATION_FLIP	primock57	cloud-deepgram,cloud-google,cloud-azure,whisper-distil-v3.5,qwen3-asr,zipformer-zh-en	227	76.7
NEGATION_FLIP	primock57	cloud-deepgram,cloud-google,cloud-azure,whisper-distil-v3.5,qwen3-asr,zipformer-zh-en,sensevoice-no-itn	229	77.4
NEGATION_FLIP	primock57	cloud-deepgram,cloud-google,cloud-azure,whisper-distil-v3.5,qwen3-asr,zipformer-zh-en,sensevoice-no-itn,paraformer-en	230	77.7
NEGATION_FLIP	primock57	cloud-deepgram,cloud-google,cloud-azure,whisper-distil-v3.5,qwen3-asr,zipformer-zh-en,sensevoice-no-itn,paraformer-en,whisper-base-en	232	78.4
NEGATION_FLIP	primock57	cloud-deepgram,cloud-google,cloud-azure,whisper-distil-v3.5,qwen3-asr,zipformer-zh-en,sensevoice-no-itn,paraformer-en,whisper-base-en,parakeet-tdt-medical-ep2-clean	232	78.4
NUMERIC	figshare-osce	cloud-assemblyai	462	46.0
NUMERIC	figshare-osce	cloud-assemblyai,cloud-azure	592	59.0
NUMERIC	figshare-osce	cloud-assemblyai,cloud-azure,whisper-distil-v3.5	633	63.0
NUMERIC	figshare-osce	cloud-assemblyai,cloud-azure,whisper-distil-v3.5,sensevoice	671	66.8
NUMERIC	figshare-osce	cloud-assemblyai,cloud-azure,whisper-distil-v3.5,sensevoice,whisper-base-en	687	68.4
NUMERIC	figshare-osce	cloud-assemblyai,cloud-azure,whisper-distil-v3.5,sensevoice,whisper-base-en,whisper-turbo	690	68.7
NUMERIC	figshare-osce	cloud-assemblyai,cloud-azure,whisper-distil-v3.5,sensevoice,whisper-base-en,whisper-turbo,cloud-deepgram	712	70.9
NUMERIC	figshare-osce	cloud-assemblyai,cloud-azure,whisper-distil-v3.5,sensevoice,whisper-base-en,whisper-turbo,cloud-deepgram,cloud-google	731	72.8
NUMERIC	figshare-osce	cloud-assemblyai,cloud-azure,whisper-distil-v3.5,sensevoice,whisper-base-en,whisper-turbo,cloud-deepgram,cloud-google,sensevoice-no-itn	752	74.9
NUMERIC	figshare-osce	cloud-assemblyai,cloud-azure,whisper-distil-v3.5,sensevoice,whisper-base-en,whisper-turbo,cloud-deepgram,cloud-google,sensevoice-no-itn,medasr	766	76.3
NUMERIC	nazmulkazi	cloud-assemblyai	157	28.4
NUMERIC	nazmulkazi	cloud-assemblyai,cloud-azure	206	37.3
NUMERIC	nazmulkazi	cloud-assemblyai,cloud-azure,cloud-google	236	42.8
NUMERIC	nazmulkazi	cloud-assemblyai,cloud-azure,cloud-google,medasr	265	48.0
NUMERIC	nazmulkazi	cloud-assemblyai,cloud-azure,cloud-google,medasr,medasr-int8	265	48.0
NUMERIC	nazmulkazi	cloud-assemblyai,cloud-azure,cloud-google,medasr,medasr-int8,zipformer-zh-en	282	51.1
NUMERIC	nazmulkazi	cloud-assemblyai,cloud-azure,cloud-google,medasr,medasr-int8,zipformer-zh-en,nemo-fastconformer-int8	286	51.8
NUMERIC	nazmulkazi	cloud-assemblyai,cloud-azure,cloud-google,medasr,medasr-int8,zipformer-zh-en,nemo-fastconformer-int8,nemo-fastconformer	287	52.0
NUMERIC	nazmulkazi	cloud-assemblyai,cloud-azure,cloud-google,medasr,medasr-int8,zipformer-zh-en,nemo-fastconformer-int8,nemo-fastconformer,paraformer-en	291	52.7
NUMERIC	nazmulkazi	cloud-assemblyai,cloud-azure,cloud-google,medasr,medasr-int8,zipformer-zh-en,nemo-fastconformer-int8,nemo-fastconformer,paraformer-en,sensevoice	292	52.9
NUMERIC	primock57	paraformer-en	149	40.3
NUMERIC	primock57	paraformer-en,zipformer-zh-en	195	52.7
NUMERIC	primock57	paraformer-en,zipformer-zh-en,nemo-fastconformer-int8	208	56.2
NUMERIC	primock57	paraformer-en,zipformer-zh-en,nemo-fastconformer-int8,qwen3-asr	224	60.5
NUMERIC	primock57	paraformer-en,zipformer-zh-en,nemo-fastconformer-int8,qwen3-asr,nemo-fastconformer	227	61.4
NUMERIC	primock57	paraformer-en,zipformer-zh-en,nemo-fastconformer-int8,qwen3-asr,nemo-fastconformer,sensevoice-no-itn	229	61.9
NUMERIC	primock57	paraformer-en,zipformer-zh-en,nemo-fastconformer-int8,qwen3-asr,nemo-fastconformer,sensevoice-no-itn,cloud-google	237	64.1
NUMERIC	primock57	paraformer-en,zipformer-zh-en,nemo-fastconformer-int8,qwen3-asr,nemo-fastconformer,sensevoice-no-itn,cloud-google,cloud-deepgram	240	64.9
NUMERIC	primock57	paraformer-en,zipformer-zh-en,nemo-fastconformer-int8,qwen3-asr,nemo-fastconformer,sensevoice-no-itn,cloud-google,cloud-deepgram,canary-180m-flash	241	65.1
NUMERIC	primock57	paraformer-en,zipformer-zh-en,nemo-fastconformer-int8,qwen3-asr,nemo-fastconformer,sensevoice-no-itn,cloud-google,cloud-deepgram,canary-180m-flash,whisper-base-en	242	65.4
